{
    "request": {
        "method": "paginatedTopTraders",
        "params": {
            "page": 1
        }
    },
    "response": {
        "status": true,
        "message": null,
        "data": {
            "wallets": [
                {
                    "wallet": "2JrTudNHthFHtgHBoJdx9xKgGRAYrir7AUw7shvdW5uR",
                    "summary": {
                        "realized": 6159245.65998346,
                        "unrealized": 486523.35100059,
                        "total": 6645769.01098405,
                        "totalInvested": 35027527.15103882,
                        "totalWins": 20,
                        "totalLosses": 13,
                        "averageBuyAmount": 9905.97044589,
                        "winPercentage": 40.82,
                        "lossPercentage": 26.53,
                        "neutralPercentage": 32.65
                    }
                },
                {
                    "wallet": "3AWDTDGZiW8joyfA52LKL7GUWLoKBCBUBLUE5JoWgBCu",
                    "summary": {
                        "realized": 6821303.59819084,
                        "unrealized": -695282.55503147,
                        "total": 6126021.04315937,
                        "totalInvested": 2239273.81992009,
                        "totalWins": 7,
                        "totalLosses": 32,
                        "averageBuyAmount": 12740.34833637,
                        "winPercentage": 14.89,
                        "lossPercentage": 68.09,
                        "neutralPercentage": 17.02
                    }
                },
                {
                    "wallet": "8zFZHuSRuDpuAR7J6FzwyF3vKNx4CVW3DFHJerQhc7Zd",
                    "summary": {
                        "realized": 2719340.0761943,
                        "unrealized": 2676285.41644166,
                        "total": 5395625.49263597,
                        "totalInvested": 9706678.24266928,
                        "totalWins": 157,
                        "totalLosses": 267,
                        "averageBuyAmount": 5268.06908882,
                        "winPercentage": 31.46,
                        "lossPercentage": 53.51,
                        "neutralPercentage": 15.03
                    }
                },
                {
                    "wallet": "3XcHbc5Z7GfM3nXkP7NE8GT7ZawVsekxEfmPCofD1kcc",
                    "summary": {
                        "realized": 5790137.32882862,
                        "unrealized": -400418.72504007,
                        "total": 5389718.60378855,
                        "totalInvested": 28345526.84641992,
                        "totalWins": 39,
                        "totalLosses": 66,
                        "averageBuyAmount": 13136.52978355,
                        "winPercentage": 20.42,
                        "lossPercentage": 34.55,
                        "neutralPercentage": 45.03
                    }
                },
                {
                    "wallet": "HdxkiXqeN6qpK2YbG51W23QSWj3Yygc1eEk2zwmKJExp",
                    "summary": {
                        "realized": 5992278.28657996,
                        "unrealized": -1217294.08466535,
                        "total": 4774984.20191463,
                        "totalInvested": 8834795.31550923,
                        "totalWins": 743,
                        "totalLosses": 1619,
                        "averageBuyAmount": 1932.22150291,
                        "winPercentage": 28.91,
                        "lossPercentage": 63,
                        "neutralPercentage": 8.09
                    }
                },
                {
                    "wallet": "2dTytXLH6HZsjbsjYinqgg8kmgQWypHAgbquZ1pcQipF",
                    "summary": {
                        "realized": 2865229.69515266,
                        "unrealized": 1724298.91605899,
                        "total": 4589528.61121165,
                        "totalInvested": 26238082.61531635,
                        "totalWins": 8,
                        "totalLosses": 6,
                        "averageBuyAmount": 64211.62013994,
                        "winPercentage": 38.1,
                        "lossPercentage": 28.57,
                        "neutralPercentage": 33.33
                    }
                },
                {
                    "wallet": "HgF5ZtoDXqGH3exoFKZpUKyRQGgabGNwGC8aVztoXhfL",
                    "summary": {
                        "realized": 1698242.96743369,
                        "unrealized": 2676255.39736178,
                        "total": 4435958.71018847,
                        "totalInvested": 5191906.18820416,
                        "totalWins": 34,
                        "totalLosses": 54,
                        "averageBuyAmount": 11373.0573446,
                        "winPercentage": 35.79,
                        "lossPercentage": 56.84,
                        "neutralPercentage": 7.37
                    }
                },
                {
                    "wallet": "71CPXu3TvH3iUKaY1bNkAAow24k6tjH473SsKprQBABC",
                    "summary": {
                        "realized": 3446370.04747365,
                        "unrealized": -434520.70131273,
                        "total": 3010986.05688762,
                        "totalInvested": 6876065.79299336,
                        "totalWins": 224,
                        "totalLosses": 458,
                        "averageBuyAmount": 2940.66177619,
                        "winPercentage": 31.68,
                        "lossPercentage": 64.78,
                        "neutralPercentage": 3.54
                    }
                },
                {
                    "wallet": "E57hYjjwNAnvXe67C1q7nKRdC2jWMRGLWAJsBJAJrgzR",
                    "summary": {
                        "realized": 2993346.45242598,
                        "unrealized": -6286.80328953,
                        "total": 2981198.92819827,
                        "totalInvested": 11235582.55009376,
                        "totalWins": 190,
                        "totalLosses": 336,
                        "averageBuyAmount": 3356.89671289,
                        "winPercentage": 34.05,
                        "lossPercentage": 60.22,
                        "neutralPercentage": 5.73
                    }
                },
                {
                    "wallet": "5q7Xwc2T57sK1DKU6zuwVXvMPsxqB2xrJ3T5AonFYtcY",
                    "summary": {
                        "realized": 2562437.05097466,
                        "unrealized": 160726.43022327,
                        "total": 2723163.4811979,
                        "totalInvested": 3062747.66957189,
                        "totalWins": 965,
                        "totalLosses": 118,
                        "averageBuyAmount": 745.49133004,
                        "winPercentage": 34.63,
                        "lossPercentage": 4.23,
                        "neutralPercentage": 61.14
                    }
                },
                {
                    "wallet": "3JPYL9xEPFjefV3tccrUwhLzME1mMq2dQSDeDebgzQi6",
                    "summary": {
                        "realized": 1637878.30309494,
                        "unrealized": 1075834.31811948,
                        "total": 2713712.62121442,
                        "totalInvested": 6042366.49134607,
                        "totalWins": 118,
                        "totalLosses": 303,
                        "averageBuyAmount": 1063.32664782,
                        "winPercentage": 24.43,
                        "lossPercentage": 62.73,
                        "neutralPercentage": 12.84
                    }
                },
                {
                    "wallet": "DxjmHXm1p7cs8Tezdf2EJm5xnwp9QC2E8CbfD1aXeH1j",
                    "summary": {
                        "realized": 1343580.71280498,
                        "unrealized": 1219408.98327592,